{
    "x_dist": 242.85714285714283,
    "y_dist": 245.23809523809524,
    "ij_pos": [
        [
            1,
            1
        ],
        [
            2,
            1
        ],
        [
            3,
            1
        ],
        [
            4,
            1
        ],
        [
            1,
            2
        ],
        [
            2,
            2
        ],
        [
            3,
            2
        ],
        [
            4,
            2
        ],
        [
            1,
            3
        ],
        [
            2,
            3
        ],
        [
            3,
            3
        ],
        [
            4,
            3
        ],
        [
            1,
            4
        ],
        [
            2,
            4
        ],
        [
            3,
            4
        ],
        [
            4,
            4
        ]
    ],
    "connect": [
        [
            2,
            0,
            0,
            5
        ],
        [
            3,
            1,
            0,
            6
        ],
        [
            4,
            2,
            0,
            7
        ],
        [
            0,
            3,
            0,
            8
        ],
        [
            6,
            0,
            1,
            9
        ],
        [
            7,
            5,
            2,
            10
        ],
        [
            8,
            6,
            3,
            11
        ],
        [
            0,
            7,
            4,
            12
        ],
        [
            10,
            0,
            5,
            13
        ],
        [
            11,
            9,
            6,
            14
        ],
        [
            12,
            10,
            7,
            15
        ],
        [
            0,
            11,
            8,
            16
        ],
        [
            14,
            0,
            9,
            0
        ],
        [
            15,
            13,
            10,
            0
        ],
        [
            16,
            14,
            11,
            0
        ],
        [
            0,
            15,
            12,
            0
        ]
    ],
    "boundary_condition": [
        [
            1,
            100.0
        ],
        [
            1,
            75.0
        ],
        [
            1,
            75.0
        ],
        [
            1,
            0.0
        ],
        [
            1,
            100.0
        ],
        [
            0,
            0.0
        ],
        [
            0,
            0.0
        ],
        [
            1,
            0.0
        ],
        [
            1,
            100.0
        ],
        [
            0,
            0.0
        ],
        [
            0,
            0.0
        ],
        [
            1,
            0.0
        ],
        [
            1,
            100.0
        ],
        [
            1,
            25.0
        ],
        [
            1,
            25.0
        ],
        [
            1,
            0.0
        ]
    ]
}