{"domain":[[1,2,3,4,5,6,7,8,9,10,11,12,13,14,15,16,17,18,19,1,2,3,4,5,6,7,8,9,10,11,12,13,14,15,16,17,18,19,1,2,3,4,5,6,7,8,9,10,11,12,13,14,15,16,17,18,19,1,2,3,4,5,6,7,8,9,10,11,12,13,14,15,16,17,18,19,1,2,3,4,5,6,7,8,9,10,11,12,13,14,15,16,17,18,19],[1,1,1,1,1,1,1,1,1,1,1,1,1,1,1,1,1,1,1,2,2,2,2,2,2,2,2,2,2,2,2,2,2,2,2,2,2,2,3,3,3,3,3,3,3,3,3,3,3,3,3,3,3,3,3,3,3,4,4,4,4,4,4,4,4,4,4,4,4,4,4,4,4,4,4,4,5,5,5,5,5,5,5,5,5,5,5,5,5,5,5,5,5,5,5]],"image":[44.441015353753585,100.0,100.0,100.0,100.0,100.0,100.0,100.0,100.0,100.0,100.0,100.0,100.0,100.0,100.0,100.0,100.0,100.0,44.441015353753585,80.0,90.03549017030312,94.1580340810859,95.98190311487872,96.81672128573007,97.20416889940134,97.38451382952432,97.46748744114053,97.50318644277647,97.513099241415,97.50318644277645,97.46748744114056,97.38451382952437,97.20416889940135,96.8167212857301,95.98190311487873,94.1580340810859,90.03549017030312,80.0,80.0,88.2927233768705,93.01223021258106,95.38248105414769,96.5237293518217,97.0642526250042,97.3179038118368,97.43498364677941,97.48542054584597,97.49943180436219,97.485420545846,97.43498364677947,97.31790381183686,97.06425262500426,96.52372935182176,95.3824810541477,93.01223021258107,88.29272337687048,80.0,80.0,90.03549017030312,94.1580340810859,95.9819031148787,96.81672128573007,97.20416889940134,97.38451382952434,97.46748744114056,97.50318644277648,97.51309924141503,97.50318644277648,97.46748744114058,97.38451382952435,97.20416889940138,96.81672128573011,95.98190311487872,94.1580340810859,90.03549017030312,80.0,44.441015353753585,100.0,100.0,100.0,100.0,100.0,100.0,100.0,100.0,100.0,100.0,100.0,100.0,100.0,100.0,100.0,100.0,100.0,44.441015353753585]}