{"domain":[[1,2,3,4,5,6,7,8,9,10,11,12,13,14,15,16,17,18,19,1,2,3,4,5,6,7,8,9,10,11,12,13,14,15,16,17,18,19,1,2,3,4,5,6,7,8,9,10,11,12,13,14,15,16,17,18,19,1,2,3,4,5,6,7,8,9,10,11,12,13,14,15,16,17,18,19,1,2,3,4,5,6,7,8,9,10,11,12,13,14,15,16,17,18,19],[1,1,1,1,1,1,1,1,1,1,1,1,1,1,1,1,1,1,1,2,2,2,2,2,2,2,2,2,2,2,2,2,2,2,2,2,2,2,3,3,3,3,3,3,3,3,3,3,3,3,3,3,3,3,3,3,3,4,4,4,4,4,4,4,4,4,4,4,4,4,4,4,4,4,4,4,5,5,5,5,5,5,5,5,5,5,5,5,5,5,5,5,5,5,5]],"image":[90.0,90.0,90.0,90.0,90.0,90.0,90.0,90.0,90.0,90.0,90.0,90.0,90.0,90.0,90.0,90.0,90.0,90.0,90.0,100.0,93.01734917789032,90.14890088694439,88.8798606714579,88.29899778503334,88.02941340477736,87.90393017942249,87.8461974979557,87.82135828642829,87.81446100384538,87.8213582864283,87.84619749795571,87.90393017942253,88.02941340477739,88.29899778503338,88.87986067145793,90.1489008869444,93.01734917789032,100.0,100.0,94.22995880396708,90.94614628189959,89.2969359586761,88.50286031027713,88.126766545667,87.9502771427371,87.86881349802805,87.83371972096737,87.82397074765997,87.83371972096737,87.86881349802809,87.95027714273714,88.12676654566704,88.50286031027717,89.29693595867613,90.94614628189962,94.22995880396707,100.0,100.0,93.01734917789032,90.1489008869444,88.87986067145792,88.29899778503336,88.02941340477737,87.9039301794225,87.8461974979557,87.82135828642829,87.81446100384538,87.82135828642829,87.84619749795573,87.90393017942253,88.02941340477742,88.29899778503336,88.87986067145795,90.14890088694442,93.01734917789032,100.0,90.0,90.0,90.0,90.0,90.0,90.0,90.0,90.0,90.0,90.0,90.0,90.0,90.0,90.0,90.0,90.0,90.0,90.0,90.0]}