{"domain":[[1,2,3,4,5,6,7,8,9,10,11,12,13,14,15,16,17,18,19,1,2,3,4,5,6,7,8,9,10,11,12,13,14,15,16,17,18,19,1,2,3,4,5,6,7,8,9,10,11,12,13,14,15,16,17,18,19,1,2,3,4,5,6,7,8,9,10,11,12,13,14,15,16,17,18,19,1,2,3,4,5,6,7,8,9,10,11,12,13,14,15,16,17,18,19,1,2,3,4,5,6,7,8,9,10,11,12,13,14,15,16,17,18,19,1,2,3,4,5,6,7,8,9,10,11,12,13,14,15,16,17,18,19],[1,1,1,1,1,1,1,1,1,1,1,1,1,1,1,1,1,1,1,2,2,2,2,2,2,2,2,2,2,2,2,2,2,2,2,2,2,2,3,3,3,3,3,3,3,3,3,3,3,3,3,3,3,3,3,3,3,4,4,4,4,4,4,4,4,4,4,4,4,4,4,4,4,4,4,4,5,5,5,5,5,5,5,5,5,5,5,5,5,5,5,5,5,5,5,6,6,6,6,6,6,6,6,6,6,6,6,6,6,6,6,6,6,6,7,7,7,7,7,7,7,7,7,7,7,7,7,7,7,7,7,7,7]],"image":[100.0,75.0,75.0,75.0,75.0,75.0,75.0,75.0,75.0,75.0,75.0,75.0,75.0,75.0,75.0,75.0,75.0,75.0,0.0,100.0,62.419924480215826,48.94593810625878,42.99819246724929,40.11166036662268,38.662586690576525,37.92669276134719,37.549564658925604,37.35106624034468,37.236344540200115,37.15038951776534,37.051646040867865,36.89150061247436,36.588466967041214,35.97887033075907,34.6941407836995,31.77950054058784,24.216615654187493,0.0,100.0,69.57428862337805,51.87190936651986,42.46629769191497,37.59870496055705,35.10444466839998,33.830292334149426,33.17648732220302,32.83238433170468,32.63361675316494,32.48487952930155,32.314501425998436,32.03965060386379,31.524854981222678,30.51119119048728,28.474154773474606,24.328019271742917,15.896993722103481,0.0,100.0,69.63360860715947,50.17126773779038,39.403820165507895,33.762283476382486,30.865921142457474,29.387961170846424,28.630707622786467,28.232657524129284,28.002990018558727,27.831437369754518,27.635615021052573,27.321603512553704,26.739432045962708,25.614185982687946,23.43028764482371,19.265965852601983,11.740697354230855,0.0,100.0,63.61238936961731,43.62200223260744,33.482927584717665,28.395041835034498,25.836439139469825,24.54373498091738,23.884621564019607,23.539033778049482,23.339956091308945,23.19152897564634,23.02263566781501,22.753093250631732,22.256849452292517,21.307528064964735,19.490784666277314,16.078112137830495,9.935094468342742,0.0,100.0,48.44741567517454,31.579246776816746,24.74528794798285,21.61736975049555,20.10104095533921,19.346192989066306,18.963700943395022,18.763710079941045,18.648677358758718,18.563033357361707,18.465782325337265,18.31100084019347,18.026921231803897,17.48457971463194,16.441236264433055,14.412809211145797,10.2441068491462,0.0,100.0,25.0,25.0,25.0,25.0,25.0,25.0,25.0,25.0,25.0,25.0,25.0,25.0,25.0,25.0,25.0,25.0,25.0,0.0]}