{"domain":[[1,2,3,4,1,2,3,4,1,2,3,4,1,2,3,4],[1,1,1,1,2,2,2,2,3,3,3,3,4,4,4,4]],"image":[100.0,75.0,75.0,0.0,100.0,69.39038101259683,44.26902466299581,0.0,100.0,56.706561878668886,31.585205529067874,0.0,100.0,25.0,25.0,0.0]}